Feature,Importance
self_esteem_score,0.14832502745866394
anxiety_score,0.13799388855206252
loneliness_score,0.12207185606874253
social_isolation_score,0.12089497101496822
depression_score,0.11473179041732523
daily_functioning,0.10857823919130184
school_attendance_days,0.06371374110876431
sleep_quality,0.06118883513623446
substance_use,0.044017924112219976
fatigue_level,0.04187345814740123
suicidality_screening,0.036610268792315694
