Feature,Importance
anxiety_score,0.1977924646555337
self_esteem_score,0.19319231717308583
social_isolation_score,0.17743052851278646
loneliness_score,0.17423410047767363
depression_score,0.1736434266226238
sleep_quality,0.08370716255829669
